url,title,description,platform,tags,notes
https://www.youtube.com/watch?v=dQw4w9WgXcQ,How to Build a Second Brain - Full Guide,A comprehensive guide to organising your digital life and building a personal knowledge management system.,youtube,"productivity,knowledge,learning",Watch on weekend
https://www.instagram.com/p/example-travel-post/,Bali Hidden Waterfalls Guide,10 hidden waterfalls in Bali that most tourists never find — with exact locations and best time to visit.,instagram,"travel,bali,bucket-list",Plan for next trip
https://medium.com/@example/the-psychology-of-money,The Psychology of Money — Key Lessons,Why smart people make bad financial decisions and how to think about wealth for the long term.,medium,"finance,investing,mindset",Share with Arjun
https://www.reddit.com/r/solotravel/comments/example,Best Solo Travel Tips From 50+ Countries,Reddit thread with hundreds of verified tips from experienced solo travellers — visas, safety, packing.,reddit,"travel,solo,tips",Follow up before Europe trip
https://open.spotify.com/playlist/example,Deep Focus Work Playlist,4-hour playlist curated for deep focus sessions — no lyrics, no sudden tempo changes.,spotify,"music,focus,productivity",Use during work sprints
https://twitter.com/example/status/123456789,Naval Ravikant on Wealth Creation,Thread on how to think about building wealth vs earning a salary — foundational mental models.,twitter,"finance,wealth,mindset",Re-read monthly
https://www.linkedin.com/posts/example,How I Got 10 Offers in 3 Months,Real breakdown of the job hunt strategy that led to 10 interview offers — templates included.,linkedin,"career,job-hunt,strategy",Applied 15 June
https://www.tiktok.com/@example/video/123,5-Minute Morning Routine That Changed Everything,Simple morning routine backed by science — no 4am wake-ups required.,tiktok,"health,routine,morning",Try for 2 weeks
https://github.com/example/awesome-tools,Awesome Developer Tools 2026,Curated list of the best developer tools — editors, CLI utilities, productivity apps, and APIs.,github,"dev,tools,reference",Check weekly
https://www.pinterest.com/pin/example,Minimal Home Office Setup Ideas,Clean and minimal home office setups under $500 — desk, lighting, and cable management tips.,pinterest,"home,office,design",Buy in December
